<?xml version="1.0" encoding="UTF-8"?>
<project xmlns="http://maven.apache.org/POM/4.0.0"
         xmlns:xsi="http://www.w3.org/2001/XMLSchema-instance"
         xsi:schemaLocation="http://maven.apache.org/POM/4.0.0 http://maven.apache.org/xsd/maven-4.0.0.xsd">
    <modelVersion>4.0.0</modelVersion>

    <groupId>ru.job4j</groupId>
    <artifactId>job4j</artifactId>
    <packaging>pom</packaging>
    <version>3.0</version>
    <modules>
        <module>chapter_001</module>
        <module>chapter_002</module>
        <module>chapter_003</module>
        <module>chapter_j_002</module>
    </modules>

    <properties>
        <maven.compiler.source>12</maven.compiler.source>
        <maven.compiler.target>12</maven.compiler.target>
        <project.build.sourceEncoding>UTF-8</project.build.sourceEncoding>
    </properties>

    <dependencies>
        <dependency>
            <groupId>org.hamcrest</groupId>
            <artifactId>hamcrest-all</artifactId>
            <version>1.3</version>
            <scope>test</scope>
        </dependency>
        <dependency>
            <groupId>junit</groupId>
            <artifactId>junit</artifactId>
            <version>4.12</version>
            <scope>test</scope>
        </dependency>
    </dependencies>

    <build>
        <plugins>
            <plugin>
                <groupId>org.apache.maven.plugins</groupId>
                <artifactId>maven-javadoc-plugin</artifactId>
                <version>3.0.0</version>
            </plugin>
            <plugin>
                <groupId>org.apache.maven.plugins</groupId>
                <artifactId>maven-checkstyle-plugin</artifactId>
                <version>2.17</version>
                <executions>
                    <execution>
                        <id>validate</id>
                        <phase>validate</phase>
                        <configuration>
                            <configLocation>checkstyle.xml</configLocation>
                            <encoding>UTF-8</encoding>
                            <consoleOutput>true</consoleOutput>
                            <failsOnError>false</failsOnError>
                            <includeTestSourceDirectory>true</includeTestSourceDirectory>
                        </configuration>
                        <goals>
                            <goal>check</goal>
                        </goals>
                    </execution>
                </executions>
            </plugin>
            <plugin>
                <groupId>org.jacoco</groupId>
                <artifactId>jacoco-maven-plugin</artifactId>
                <version>0.8.4</version>
                <executions>
                    <execution>
                        <goals>
                            <goal>prepare-agent</goal>
                        </goals>
                    </execution>
                    <execution>
                        <id>report</id>
                        <phase>test</phase>
                        <goals>
                            <goal>report</goal>
                        </goals>
                    </execution>
                </executions>
            </plugin>
        </plugins>
    </build>


</project>